Cluster,Age,Annual_Income,Spending_Score
0,31.307692307692307,66639.23076923077,913.7349706857138
1,56.3421052631579,19769.026315789473,276.35625401985254
2,55.95679012345679,24721.055555555555,1259.1891708208582
3,32.38235294117647,38919.08823529412,446.70910736266717
4,59.044117647058826,46434.83823529412,640.9115039056259
5,30.07831325301205,17810.234939759037,415.0843241101414
6,28.5375,21278.88125,1198.4546740639955
7,52.43046357615894,16966.09271523179,822.5028323982128
